Input,Predicted Class,Probability
59800636137394,int,0.9999995231628418
-914470,int,0.9997567534446716
-8577095,int,0.9997742772102356
-324,int,0.9999804496765137
337794524,int,0.9998611211776733
25229568671147,int,0.9999994039535522
-891566605569111,int,0.9999995231628418
7773756146919024,int,0.9999996423721313
59856363247406,int,0.9999992847442627
-5476299006,int,0.999990701675415
26084.134324,float,0.9999972581863403
-40826.693,float,0.9999960660934448
3855.15878,float,0.9999959468841553
85661.180,float,0.9999979734420776
69297.5,float,0.9999972581863403
-69130.7,float,0.9999955892562866
22847.613,float,0.9999978542327881
-92911.852,float,0.9999972581863403
-75122.64315,float,0.9999940395355225
88564.8990,float,0.9999979734420776
FALSE,boolean,0.9990665316581726
FALSE,boolean,0.9990665316581726
TRUE,boolean,0.9990894794464111
FALSE,boolean,0.9990665316581726
TRUE,boolean,0.9990894794464111
TRUE,boolean,0.9990894794464111
TRUE,boolean,0.9990894794464111
TRUE,boolean,0.9990894794464111
TRUE,boolean,0.9990894794464111
FALSE,boolean,0.9990665316581726
04:45:25,time,0.9999935626983643
19:57,time,0.9999927282333374
20:33:07,time,0.9999932050704956
23:06,time,0.9999932050704956
03:26 AM,time,0.9999934434890747
11:27:57 AM,time,0.9999934434890747
8:23:48 PM,time,0.9999935626983643
9:21:18 PM,time,0.9999936819076538
09:43,time,0.9999932050704956
6:47:54 AM,time,0.999992847442627
"September 14, 1982",date,0.999783456325531
2017-04-06,date,0.9985452890396118
"Aug 23, 2011",date,0.9981251358985901
"October 18, 2013",date,0.998663067817688
20191012,date,0.9982914328575134
1993-12-03,date,0.9970690608024597
"November 15, 1990",date,0.9997363686561584
03.04.2012,date,0.9984159469604492
01/13/1991,date,0.9990891218185425
"Jul 4, 1996",date,0.9999394416809082
"Thu, 10 Jan 1990 20:28:10 GMT",datetime,0.9999752044677734
10/26/1998 6:23 AM,datetime,0.9999967813491821
2010-12-10T09:48:50Z,datetime,0.9999986886978149
19-08-2028 16:17,datetime,0.9999970197677612
2019-08-11T06:20:11.326Z,datetime,0.9999364614486694
2015-04-13T11:50:09Z,datetime,0.9999985694885254
1993-04-20T00:20:59Z,datetime,0.9999986886978149
2009-07-27T11:48,datetime,0.9999958276748657
2015-01-06T00:41:25,datetime,0.9999988079071045
1995/06/05 06:18,datetime,0.9999966621398926
4f2574c4-560e-41e8-9ec9-18d56dfdf368,uuid,0.9999986886978149
466cad12-8ef4-4d90-90f8-a256ef7b5885,uuid,0.9999979734420776
8684f69d-3b7c-4814-bb0f-ab06df01394b,uuid,0.9999973773956299
2aa9d409-256d-44e0-9e9b-a5ca15ab4df5,uuid,0.9999939203262329
0250c0a6-3003-4a2f-a031-1579a71bfc4e,uuid,0.999997615814209
c41ee619-fb13-440f-a01b-297e77dff8fe,uuid,0.9999963045120239
6d9ef6b3-8bad-4052-b0f2-adbca6d657de,uuid,0.9999922513961792
ae9829f9-5c7a-4863-9de1-bd4ac2e7f01a,uuid,0.9999986886978149
018b7e60-8810-4d80-a34b-d7cc0fb8fb5c,uuid,0.9999974966049194
d9ba7e4c-bb2b-4228-90db-f5fb954c4894,uuid,0.9999942779541016
Absolute Advantage,string,0.9999326467514038
Accounting Equation,string,0.999997615814209
Accounting Rate of Return (ARR),string,0.9999240636825562
Acid-Test Ratio,string,0.999969482421875
Acquisition,string,0.9999896287918091
Adverse Selection,string,0.9999784231185913
After-Hours Trading,string,0.9999678134918213
"Alpha: Its Meaning in Investing, With Examples",string,0.9999996423721313
Amalgamation,string,0.9999452829360962
American Depositary Receipt (ADR),string,0.9999803304672241
American Dream,string,0.9999294281005859
Analysis of Variance (ANOVA),string,0.9999963045120239
Angel Investor: Definition and How It Works,string,0.9999998807907104
Annual Percentage Rate (APR),string,0.9994454979896545
Annuity,string,0.9998985528945923
Applicable Federal Rate (AFR),string,0.9998748302459717
Artificial Intelligence (AI),string,0.9999933242797852
Asset,boolean,0.9984152317047119
Asset Management,string,0.9859400987625122
What Is the Asset Turnover Ratio? Calculation and Examples,string,0.9999996423721313
Assets Under Management (AUM),string,0.9996830224990845
Automated Clearing House (ACH),string,0.9999699592590332
Automated Teller Machine (ATM),string,0.9999431371688843
Average True Range (ATR),string,0.9997126460075378
